user_id,age,gender,cities,skilled,intrest
1,55,Male,Ahmedabad,Cybersecurity,Mobile App Development
2,61,Female,Lucknow,Game Development,"Web Development,Data Science,Cloud Computing"
3,30,Female,Ahmedabad,"Blockchain,Mobile App Development","Mobile App Development,Cloud Computing,Web Development,Cybersecurity"
4,26,Male,Hyderabad,"Machine Learning,Cloud Computing","Machine Learning,Data Science"
5,27,Female,Mumbai,Machine Learning,Artificial Intelligence
6,29,Female,Jaipur,Cybersecurity,"Blockchain,UI/UX Design,Data Science,Game Development"
7,23,Female,Ahmedabad,Game Development,"Web Development,UI/UX Design,Machine Learning"
8,33,Female,Ahmedabad,UI/UX Design,"Web Development,Cybersecurity"
9,18,Male,Delhi,"Data Science,Web Development","Web Development,Mobile App Development,Artificial Intelligence"
10,34,Male,Delhi,Data Science,Artificial Intelligence
11,19,Female,Hyderabad,Blockchain,"Mobile App Development,Blockchain"
12,30,Female,Mumbai,Cloud Computing,"Artificial Intelligence,Mobile App Development,Machine Learning"
13,25,Male,Jaipur,"Data Science,Mobile App Development","Machine Learning,Cloud Computing,Data Science,Game Development"
14,63,Male,Pune,"Blockchain,Cloud Computing","UI/UX Design,Game Development,Blockchain"
15,24,Male,Chennai,"Mobile App Development,Data Science","Mobile App Development,UI/UX Design,Game Development"
16,43,Male,Kolkata,"Data Science,Web Development","Mobile App Development,Machine Learning,Cloud Computing,UI/UX Design"
17,68,Female,Pune,Cybersecurity,"Machine Learning,Data Science"
18,38,Female,Bangalore,Mobile App Development,Game Development
19,55,Female,Kolkata,"Data Science,Machine Learning","Data Science,Mobile App Development,Game Development"
20,36,Male,Ahmedabad,"Data Science,Web Development","Game Development,Artificial Intelligence,Web Development"
21,38,Female,Jaipur,Machine Learning,"Blockchain,Mobile App Development,Cybersecurity"
22,29,Male,Chennai,"Web Development,Machine Learning",Data Science
23,60,Male,Chennai,"Data Science,UI/UX Design",Blockchain
24,46,Female,Ahmedabad,Web Development,Mobile App Development
25,47,Female,Ahmedabad,"Artificial Intelligence,UI/UX Design","Data Science,Blockchain,Web Development,Cybersecurity"
26,32,Male,Chennai,Artificial Intelligence,"Mobile App Development,Cloud Computing,Machine Learning,Data Science"
27,68,Female,Lucknow,Machine Learning,Data Science
28,22,Female,Mumbai,Web Development,"Machine Learning,Mobile App Development,Cloud Computing,Artificial Intelligence"
29,41,Male,Bangalore,Artificial Intelligence,"Artificial Intelligence,Cloud Computing"
30,41,Female,Mumbai,"Artificial Intelligence,Blockchain",Cloud Computing
31,59,Male,Ahmedabad,Game Development,"Game Development,Blockchain,UI/UX Design"
32,67,Male,Delhi,Artificial Intelligence,"Data Science,Cybersecurity,Cloud Computing,Machine Learning"
33,48,Female,Ahmedabad,"UI/UX Design,Web Development",Mobile App Development
34,50,Female,Lucknow,"Artificial Intelligence,Web Development","Data Science,Cloud Computing"
35,40,Female,Jaipur,Machine Learning,"Cloud Computing,Cybersecurity"
36,31,Male,Chennai,"Game Development,Blockchain","Mobile App Development,Artificial Intelligence,Data Science,UI/UX Design"
37,59,Female,Mumbai,"Web Development,Cloud Computing",UI/UX Design
38,27,Female,Delhi,"Machine Learning,Cloud Computing","Cloud Computing,Machine Learning"
39,25,Male,Lucknow,Game Development,Mobile App Development
40,40,Female,Jaipur,"Artificial Intelligence,UI/UX Design","Blockchain,Cloud Computing,UI/UX Design,Artificial Intelligence"
41,19,Female,Bangalore,"Blockchain,Cybersecurity","UI/UX Design,Cloud Computing,Artificial Intelligence"
42,18,Female,Hyderabad,Cybersecurity,"Game Development,Artificial Intelligence,Cybersecurity"
43,35,Female,Delhi,"Artificial Intelligence,Game Development","Machine Learning,Cybersecurity,Mobile App Development,UI/UX Design"
44,26,Male,Bangalore,"Cybersecurity,Cloud Computing","Artificial Intelligence,Blockchain"
45,42,Male,Ahmedabad,"UI/UX Design,Web Development",Cybersecurity
46,31,Male,Bangalore,"Machine Learning,Mobile App Development","Artificial Intelligence,Mobile App Development,Game Development,Cybersecurity"
47,69,Male,Pune,"Mobile App Development,Data Science",Artificial Intelligence
48,65,Male,Mumbai,"Blockchain,Web Development",Artificial Intelligence
49,60,Female,Lucknow,Data Science,"Blockchain,Machine Learning,Data Science,Artificial Intelligence"
50,26,Female,Bangalore,"Mobile App Development,UI/UX Design","Game Development,Blockchain,Data Science,Artificial Intelligence"
