user_id,age,gender,cities,skilled,intrest,points,time_total,logins_week,highest_streak
1,55,Female,Ahmedabad,Game Development,Blockchain,1104,149,1,48
2,61,Female,Ahmedabad,"Mobile App Development,Machine Learning","Blockchain,Cloud Computing,Game Development,Mobile App Development",1449,105,2,36
3,30,Female,Mumbai,"Game Development,Data Science",Game Development,1613,208,3,19
4,26,Female,Jaipur,"Web Development,Data Science",Cybersecurity,496,206,2,43
5,27,Male,Pune,"Cloud Computing,Web Development","Data Science,Cloud Computing,Web Development",643,428,4,9
6,29,Male,Delhi,"Data Science,Web Development","Artificial Intelligence,Cybersecurity,Web Development",1691,208,4,32
7,23,Male,Bangalore,Cloud Computing,"Blockchain,UI/UX Design,Cybersecurity,Cloud Computing",1158,135,2,26
8,33,Male,Mumbai,Data Science,"Data Science,Blockchain,Cybersecurity",636,258,2,9
9,18,Male,Chennai,"UI/UX Design,Mobile App Development","Data Science,Cybersecurity",265,301,4,16
10,34,Male,Chennai,UI/UX Design,"Artificial Intelligence,Game Development,Machine Learning,Cybersecurity",706,182,5,43
11,19,Male,Pune,Machine Learning,"Cloud Computing,Cybersecurity,Game Development,Data Science",835,193,1,8
12,30,Male,Delhi,Machine Learning,Cloud Computing,850,187,2,1
13,25,Female,Mumbai,Cybersecurity,"Cybersecurity,UI/UX Design,Mobile App Development,Cloud Computing",1784,51,1,20
14,63,Male,Lucknow,"Web Development,Machine Learning","Cloud Computing,Machine Learning",74,439,5,18
15,24,Male,Chennai,UI/UX Design,"Cloud Computing,Artificial Intelligence",1699,12,6,45
16,43,Male,Lucknow,"UI/UX Design,Data Science","Web Development,Mobile App Development",111,76,5,21
17,68,Female,Hyderabad,Artificial Intelligence,"Cloud Computing,Data Science,Artificial Intelligence,Cybersecurity",568,422,4,5
18,38,Male,Mumbai,"UI/UX Design,Machine Learning","Data Science,Cybersecurity,Blockchain,Mobile App Development",1068,140,2,12
19,55,Female,Kolkata,"Machine Learning,Mobile App Development","Mobile App Development,Cybersecurity,Blockchain",1781,266,2,17
20,36,Male,Delhi,Artificial Intelligence,Cybersecurity,827,486,2,47
21,38,Female,Delhi,Blockchain,"Cybersecurity,Machine Learning,Artificial Intelligence,Blockchain",1991,139,6,34
22,29,Male,Lucknow,"Blockchain,Machine Learning",Data Science,1928,174,0,7
23,60,Male,Pune,Data Science,"Game Development,Cloud Computing,Mobile App Development,Artificial Intelligence",333,440,5,43
24,46,Female,Mumbai,Web Development,"UI/UX Design,Artificial Intelligence,Blockchain,Mobile App Development",1442,446,6,45
25,47,Female,Bangalore,Mobile App Development,"Blockchain,Data Science",711,226,4,16
26,32,Female,Jaipur,"Machine Learning,Cloud Computing",Cloud Computing,1864,69,3,39
27,68,Female,Hyderabad,"Data Science,Game Development","Mobile App Development,Cybersecurity",477,334,1,30
28,22,Female,Ahmedabad,Game Development,"Mobile App Development,Artificial Intelligence",593,146,0,28
29,41,Female,Bangalore,"Blockchain,Cybersecurity","Cloud Computing,Machine Learning,UI/UX Design",546,401,4,34
30,41,Male,Kolkata,Blockchain,"UI/UX Design,Cloud Computing,Cybersecurity,Blockchain",61,382,6,46
31,59,Male,Pune,Mobile App Development,"Cloud Computing,Mobile App Development,Web Development,Data Science",974,183,5,11
32,67,Male,Mumbai,"UI/UX Design,Web Development","Cloud Computing,Mobile App Development",961,64,4,29
33,48,Female,Chennai,Web Development,"Mobile App Development,Data Science",635,313,2,16
34,50,Male,Bangalore,Cybersecurity,"Cybersecurity,Cloud Computing,Web Development,Mobile App Development",1271,343,3,8
35,40,Male,Hyderabad,Blockchain,"Machine Learning,Artificial Intelligence,Mobile App Development,Game Development",1207,358,0,40
36,31,Female,Delhi,"Game Development,Mobile App Development","Data Science,Game Development,Machine Learning,Blockchain",393,126,0,36
37,59,Male,Mumbai,"Mobile App Development,Cybersecurity","Machine Learning,UI/UX Design",1123,488,6,17
38,27,Female,Kolkata,Machine Learning,UI/UX Design,1595,58,4,6
39,25,Female,Ahmedabad,Game Development,"Cybersecurity,Machine Learning,Blockchain,UI/UX Design",897,367,5,42
40,40,Male,Mumbai,"Game Development,Cybersecurity",Data Science,1583,48,5,44
41,19,Male,Bangalore,Cloud Computing,Mobile App Development,569,21,1,43
42,18,Male,Bangalore,UI/UX Design,Artificial Intelligence,514,76,3,30
43,35,Female,Mumbai,UI/UX Design,Data Science,1555,347,1,37
44,26,Female,Lucknow,Web Development,"UI/UX Design,Cloud Computing",665,43,3,26
45,42,Male,Kolkata,Machine Learning,"Cloud Computing,Game Development,Mobile App Development",1973,170,5,47
46,31,Female,Delhi,"Blockchain,Machine Learning","Web Development,Cloud Computing,UI/UX Design,Game Development",1291,203,5,21
47,69,Female,Delhi,"Cloud Computing,UI/UX Design","Mobile App Development,Cloud Computing,Web Development",1416,115,3,35
48,65,Male,Pune,"Game Development,Data Science","Blockchain,Data Science,Cybersecurity",29,405,6,23
49,60,Male,Hyderabad,Machine Learning,"Mobile App Development,UI/UX Design",810,90,0,47
50,26,Male,Bangalore,Mobile App Development,Artificial Intelligence,169,321,1,32
51,48,Male,Delhi,Artificial Intelligence,"Cloud Computing,Machine Learning,Game Development",732,466,1,32
52,25,Female,Delhi,UI/UX Design,Cybersecurity,499,369,5,40
53,21,Male,Bangalore,"Cloud Computing,Data Science","Cybersecurity,UI/UX Design,Machine Learning,Game Development",722,133,6,34
54,24,Male,Ahmedabad,"Web Development,Cloud Computing","Cybersecurity,Mobile App Development,UI/UX Design",1077,101,1,48
55,39,Female,Kolkata,Data Science,"Web Development,Cloud Computing,Blockchain",1817,75,4,24
56,67,Male,Bangalore,Web Development,"Web Development,Cybersecurity",489,143,5,22
57,21,Male,Lucknow,Machine Learning,"Cybersecurity,Data Science",923,5,2,29
58,22,Male,Chennai,Game Development,"Data Science,Machine Learning",1190,241,0,32
59,42,Male,Ahmedabad,UI/UX Design,"Mobile App Development,Cloud Computing,UI/UX Design",1065,82,3,22
60,67,Male,Hyderabad,Blockchain,"Data Science,Web Development,Game Development,Machine Learning",761,462,5,4
61,61,Male,Kolkata,Game Development,UI/UX Design,1510,372,3,47
62,30,Female,Mumbai,"Blockchain,Game Development","Blockchain,Game Development,Cloud Computing",47,480,4,22
63,44,Female,Bangalore,"Cybersecurity,Game Development","Mobile App Development,Blockchain,Artificial Intelligence,Cybersecurity",1997,472,3,14
64,34,Male,Delhi,Game Development,"Machine Learning,Game Development,Web Development,Mobile App Development",1061,155,3,15
65,63,Male,Chennai,Web Development,"Data Science,Machine Learning",1485,166,2,44
66,69,Male,Lucknow,UI/UX Design,Game Development,1207,58,3,44
67,59,Male,Chennai,Artificial Intelligence,"UI/UX Design,Blockchain",1445,262,1,1
68,36,Male,Pune,Artificial Intelligence,"UI/UX Design,Blockchain",69,15,4,35
69,33,Male,Lucknow,Cloud Computing,"Mobile App Development,Data Science",434,254,4,19
70,18,Female,Hyderabad,"Cloud Computing,Mobile App Development",Cybersecurity,494,194,4,38
71,22,Female,Jaipur,"UI/UX Design,Machine Learning","Artificial Intelligence,Game Development",1340,138,6,35
72,43,Male,Jaipur,"Blockchain,Web Development",Mobile App Development,1302,369,6,16
73,65,Female,Ahmedabad,"Cloud Computing,Machine Learning","UI/UX Design,Game Development,Blockchain",1881,90,5,33
74,52,Male,Delhi,"Blockchain,Web Development","Artificial Intelligence,Cybersecurity,Cloud Computing",566,219,2,9
75,41,Male,Jaipur,Mobile App Development,"Artificial Intelligence,Cloud Computing,Game Development,Mobile App Development",5,404,3,11
76,25,Female,Ahmedabad,"Mobile App Development,Cybersecurity",Game Development,1106,280,0,24
77,44,Male,Jaipur,"Cybersecurity,Artificial Intelligence","Game Development,Web Development",851,335,3,37
78,43,Female,Lucknow,Mobile App Development,"Mobile App Development,Cloud Computing,Machine Learning",1570,375,1,26
79,58,Female,Bangalore,Web Development,"Web Development,Machine Learning,UI/UX Design,Data Science",1723,76,4,20
80,40,Female,Bangalore,"Cloud Computing,Web Development",Cybersecurity,1444,81,4,42
81,27,Male,Kolkata,"Cybersecurity,Artificial Intelligence",Cloud Computing,1561,472,0,26
82,21,Male,Kolkata,Data Science,Blockchain,1055,234,2,19
83,57,Male,Hyderabad,"Web Development,UI/UX Design","Cloud Computing,Web Development,UI/UX Design,Blockchain",912,12,4,2
84,41,Female,Kolkata,UI/UX Design,"UI/UX Design,Data Science,Cloud Computing",1448,457,2,48
85,54,Female,Lucknow,Machine Learning,"Mobile App Development,Web Development,Game Development,Blockchain",1463,437,1,12
86,45,Female,Bangalore,"Data Science,Artificial Intelligence","Artificial Intelligence,Data Science",1495,148,5,23
87,55,Female,Ahmedabad,"Cybersecurity,Web Development","Game Development,Data Science",1362,290,1,45
88,37,Female,Chennai,"Cloud Computing,Mobile App Development","Web Development,UI/UX Design,Artificial Intelligence",1400,361,0,22
89,56,Male,Delhi,Cloud Computing,"UI/UX Design,Game Development",1279,3,6,36
90,26,Female,Pune,"Machine Learning,Web Development","Machine Learning,Cybersecurity",806,189,0,29
91,50,Male,Lucknow,Blockchain,Data Science,868,200,1,9
92,52,Female,Jaipur,Game Development,"Artificial Intelligence,UI/UX Design,Data Science,Cloud Computing",1163,189,1,48
93,28,Male,Delhi,"Web Development,Game Development",Blockchain,188,254,6,32
94,41,Male,Jaipur,Data Science,"Cybersecurity,Machine Learning,Data Science",1804,127,2,10
95,33,Male,Delhi,"Artificial Intelligence,Blockchain","Data Science,Mobile App Development,Cloud Computing,UI/UX Design",58,59,2,18
96,65,Male,Pune,"Mobile App Development,Game Development","Blockchain,Cybersecurity",1157,44,6,25
97,41,Male,Bangalore,"Game Development,Web Development","Machine Learning,Mobile App Development,Blockchain",1529,123,0,5
98,43,Male,Pune,Cybersecurity,Game Development,538,419,6,14
99,25,Male,Delhi,"Game Development,Data Science","Cybersecurity,Artificial Intelligence",875,463,4,36
100,69,Male,Jaipur,"Mobile App Development,Game Development","UI/UX Design,Cybersecurity",403,191,4,14
101,46,Male,Hyderabad,"Mobile App Development,Artificial Intelligence","Blockchain,Data Science,Machine Learning",291,63,6,45
102,28,Male,Ahmedabad,Mobile App Development,"Cloud Computing,Machine Learning",1577,343,3,30
103,64,Female,Mumbai,Artificial Intelligence,"Artificial Intelligence,Machine Learning,Cloud Computing",1933,462,3,46
104,50,Male,Ahmedabad,Cybersecurity,"Artificial Intelligence,Game Development,Web Development,Data Science",1516,82,2,18
105,42,Female,Mumbai,Data Science,Machine Learning,1771,9,5,17
106,41,Male,Mumbai,Mobile App Development,Game Development,1855,415,4,6
107,19,Male,Ahmedabad,Artificial Intelligence,"Cloud Computing,Mobile App Development,Data Science,Artificial Intelligence",1918,168,6,3
108,67,Female,Hyderabad,Game Development,"UI/UX Design,Mobile App Development",1478,454,2,35
109,31,Female,Lucknow,"Cloud Computing,Artificial Intelligence",Cloud Computing,1857,398,4,9
110,21,Male,Kolkata,"Game Development,Data Science","Cybersecurity,Game Development,Mobile App Development",1331,339,1,12
111,18,Male,Bangalore,Cybersecurity,"Machine Learning,Artificial Intelligence",1008,143,6,4
112,31,Female,Kolkata,"Cloud Computing,Cybersecurity",Cybersecurity,1152,151,6,0
113,24,Female,Delhi,"Game Development,Cloud Computing",Data Science,1335,241,5,36
114,39,Female,Bangalore,"Cybersecurity,Artificial Intelligence","Mobile App Development,Blockchain,Web Development",668,153,1,18
115,24,Male,Kolkata,"Machine Learning,Data Science","Blockchain,Machine Learning,Data Science,UI/UX Design",1378,356,6,40
116,20,Female,Hyderabad,"Cloud Computing,UI/UX Design",Game Development,1653,341,3,1
117,30,Female,Hyderabad,Blockchain,Data Science,926,287,5,4
118,45,Male,Pune,"Machine Learning,Web Development","Mobile App Development,Cybersecurity,Machine Learning",82,12,2,20
119,39,Female,Delhi,"Artificial Intelligence,Data Science","Data Science,Web Development",1678,260,3,27
120,29,Female,Jaipur,Web Development,"Machine Learning,Cybersecurity,Blockchain,Game Development",1017,131,3,17
121,25,Female,Delhi,"Game Development,Data Science","Game Development,Cloud Computing,Mobile App Development",1868,207,0,34
122,31,Female,Jaipur,"UI/UX Design,Data Science","Cloud Computing,Mobile App Development,Web Development,Game Development",162,44,3,39
123,26,Male,Pune,Cloud Computing,Game Development,1233,158,5,4
124,29,Female,Chennai,Cybersecurity,"Mobile App Development,Data Science",1219,449,4,38
125,30,Male,Pune,Artificial Intelligence,"Web Development,UI/UX Design,Mobile App Development,Data Science",1641,496,5,36
126,61,Female,Lucknow,Mobile App Development,"Cybersecurity,Machine Learning,Blockchain,Web Development",1196,149,1,23
127,38,Female,Kolkata,Cloud Computing,"Mobile App Development,Blockchain,Game Development",370,291,6,26
128,48,Female,Chennai,Web Development,"Blockchain,Cybersecurity,Web Development,Game Development",1679,192,4,20
129,54,Female,Ahmedabad,UI/UX Design,"Data Science,Cloud Computing,Artificial Intelligence,UI/UX Design",1211,366,3,11
130,57,Male,Bangalore,"UI/UX Design,Mobile App Development","Cybersecurity,Cloud Computing",695,9,0,4
131,25,Female,Mumbai,"Game Development,Mobile App Development","Web Development,Mobile App Development,Blockchain",409,337,6,39
132,63,Female,Bangalore,"UI/UX Design,Blockchain","Blockchain,Web Development,Game Development,Mobile App Development",1560,232,2,30
133,22,Female,Mumbai,UI/UX Design,"Machine Learning,Artificial Intelligence,Mobile App Development,Cloud Computing",1875,377,1,23
134,66,Male,Kolkata,"Cybersecurity,Game Development","Game Development,UI/UX Design,Artificial Intelligence,Data Science",1897,498,5,5
135,36,Male,Lucknow,Web Development,"Data Science,Game Development,Machine Learning,Web Development",1002,80,3,25
136,50,Female,Chennai,"Data Science,Game Development","Game Development,Mobile App Development,Cybersecurity,Cloud Computing",1119,426,5,5
137,31,Male,Delhi,"Web Development,Data Science","Data Science,Mobile App Development,Blockchain,Machine Learning",1995,12,5,39
138,28,Female,Chennai,Cloud Computing,"Cloud Computing,Machine Learning,Artificial Intelligence,Blockchain",1322,184,3,4
139,41,Female,Kolkata,"Web Development,Cybersecurity","Artificial Intelligence,Mobile App Development,Web Development,Cloud Computing",1071,205,1,6
140,35,Male,Bangalore,UI/UX Design,"Cybersecurity,Cloud Computing,UI/UX Design",946,331,1,19
141,25,Male,Lucknow,Web Development,"Cybersecurity,Data Science,UI/UX Design",1353,398,1,1
142,42,Female,Hyderabad,"Artificial Intelligence,Web Development","Cloud Computing,Web Development,Blockchain",1650,101,5,17
143,28,Male,Delhi,Cybersecurity,"Mobile App Development,Game Development",1237,453,4,47
144,46,Male,Kolkata,Cloud Computing,UI/UX Design,1475,20,1,24
145,38,Male,Delhi,"Mobile App Development,Blockchain","Cloud Computing,Game Development,Cybersecurity,Blockchain",37,92,1,47
146,50,Male,Delhi,Mobile App Development,"Artificial Intelligence,Machine Learning,UI/UX Design,Cybersecurity",915,266,1,1
147,30,Male,Ahmedabad,Artificial Intelligence,"Artificial Intelligence,Data Science",411,263,3,2
148,19,Male,Delhi,Blockchain,"UI/UX Design,Cybersecurity",89,158,6,21
149,48,Female,Bangalore,Cybersecurity,"Cloud Computing,Artificial Intelligence,Mobile App Development,Cybersecurity",953,175,3,7
150,59,Female,Pune,Machine Learning,"Web Development,Cybersecurity,Artificial Intelligence",1912,161,5,2
151,42,Female,Mumbai,"Web Development,Data Science",Cloud Computing,336,3,6,15
152,36,Male,Ahmedabad,"Cybersecurity,Machine Learning",Mobile App Development,1667,498,0,3
153,69,Male,Ahmedabad,"Artificial Intelligence,Machine Learning",Data Science,1511,251,0,39
154,51,Female,Chennai,Machine Learning,"Web Development,Cybersecurity,Data Science",491,373,0,22
155,20,Male,Hyderabad,"Game Development,Cloud Computing","Mobile App Development,Cloud Computing",512,259,2,39
156,62,Female,Bangalore,Machine Learning,"Web Development,Blockchain,Machine Learning,Mobile App Development",1367,121,5,47
157,46,Male,Ahmedabad,"Data Science,Cybersecurity","Data Science,Cloud Computing",398,182,0,28
158,57,Male,Jaipur,"Artificial Intelligence,Web Development","UI/UX Design,Game Development",1991,340,4,34
159,52,Female,Kolkata,Data Science,"Cybersecurity,Cloud Computing,Data Science,Game Development",595,216,3,20
160,28,Female,Bangalore,"Artificial Intelligence,Game Development",Game Development,1708,461,6,36
161,50,Female,Chennai,Cybersecurity,Data Science,1721,470,4,14
162,59,Male,Lucknow,"Machine Learning,UI/UX Design","Cybersecurity,Machine Learning,Game Development,UI/UX Design",73,38,3,13
163,36,Female,Bangalore,Web Development,"Machine Learning,Web Development,UI/UX Design,Blockchain",1512,236,4,20
164,40,Male,Bangalore,Data Science,"Artificial Intelligence,Cloud Computing,Blockchain,Machine Learning",921,448,4,18
165,24,Male,Hyderabad,UI/UX Design,"UI/UX Design,Web Development,Mobile App Development",285,235,2,31
166,20,Male,Kolkata,"Blockchain,Machine Learning","Blockchain,Cloud Computing,Game Development,Web Development",1599,51,2,24
167,25,Female,Lucknow,Mobile App Development,"Data Science,Game Development,Mobile App Development",1656,216,3,0
168,57,Female,Pune,"Data Science,Artificial Intelligence","Web Development,UI/UX Design,Machine Learning,Game Development",1103,321,6,3
169,66,Female,Chennai,"Cloud Computing,Data Science",Artificial Intelligence,55,486,5,16
170,33,Female,Lucknow,"Cybersecurity,Machine Learning",Machine Learning,635,496,3,48
171,23,Male,Mumbai,"Cloud Computing,Machine Learning","Game Development,Mobile App Development",377,438,3,5
172,35,Female,Bangalore,Artificial Intelligence,"Artificial Intelligence,Cybersecurity,Data Science,Blockchain",137,232,6,4
173,60,Male,Jaipur,Cybersecurity,Blockchain,1785,232,2,15
174,38,Female,Hyderabad,"Artificial Intelligence,UI/UX Design",Cybersecurity,1550,238,4,1
175,66,Male,Ahmedabad,"Cloud Computing,Game Development","Data Science,Machine Learning,Web Development",1229,238,3,46
176,40,Male,Hyderabad,Data Science,"Cybersecurity,Cloud Computing",1080,403,0,12
177,55,Male,Lucknow,"Machine Learning,UI/UX Design","Cybersecurity,Data Science,Mobile App Development",1735,258,2,40
178,31,Male,Bangalore,Artificial Intelligence,Mobile App Development,1616,113,2,23
179,67,Female,Hyderabad,"Game Development,Artificial Intelligence","Cloud Computing,Cybersecurity,Machine Learning,Game Development",455,354,5,41
180,68,Male,Jaipur,Game Development,"Web Development,Cloud Computing,Mobile App Development",208,181,4,32
181,51,Male,Jaipur,"Blockchain,Mobile App Development",Cybersecurity,891,191,5,39
182,38,Male,Mumbai,"UI/UX Design,Game Development",Cloud Computing,1317,39,0,12
183,28,Female,Bangalore,"Cloud Computing,Machine Learning","Data Science,UI/UX Design,Machine Learning",246,302,5,46
184,50,Female,Pune,Blockchain,"Game Development,Data Science,Machine Learning",531,424,3,3
185,43,Female,Jaipur,"Mobile App Development,Blockchain","Game Development,Cloud Computing,Mobile App Development,UI/UX Design",147,58,5,34
186,39,Female,Hyderabad,"Cloud Computing,Blockchain","Artificial Intelligence,Cybersecurity,Mobile App Development,Game Development",1439,137,1,29
187,57,Male,Pune,Data Science,Mobile App Development,188,5,3,19
188,50,Male,Chennai,Mobile App Development,"UI/UX Design,Artificial Intelligence,Cybersecurity,Mobile App Development",810,399,6,29
189,37,Male,Lucknow,Machine Learning,Data Science,1874,72,0,44
190,43,Female,Ahmedabad,Blockchain,"Game Development,Cybersecurity",378,204,1,47
191,67,Male,Pune,Mobile App Development,"Game Development,Mobile App Development",451,226,5,16
192,32,Male,Hyderabad,Mobile App Development,"Mobile App Development,Artificial Intelligence,Machine Learning",1791,399,5,30
193,31,Male,Bangalore,"UI/UX Design,Web Development","Web Development,Cybersecurity,Cloud Computing,Blockchain",105,21,4,28
194,38,Female,Lucknow,"UI/UX Design,Data Science","Cybersecurity,UI/UX Design,Mobile App Development,Cloud Computing",250,215,4,41
195,61,Female,Delhi,"Web Development,Data Science","Cloud Computing,Mobile App Development,Artificial Intelligence",1311,417,1,19
196,24,Male,Kolkata,Cybersecurity,Web Development,1121,396,4,36
197,31,Male,Kolkata,"Data Science,Cloud Computing","Cloud Computing,Machine Learning,Artificial Intelligence,Cybersecurity",655,309,5,46
198,33,Male,Pune,Data Science,Game Development,277,432,1,8
199,42,Female,Lucknow,"Machine Learning,Artificial Intelligence","Game Development,Data Science,UI/UX Design",1084,203,6,8
200,27,Female,Chennai,"UI/UX Design,Cloud Computing",Cloud Computing,69,299,4,32
201,20,Male,Pune,"UI/UX Design,Machine Learning",Cloud Computing,1973,417,2,49
202,25,Female,Ahmedabad,"Game Development,Cybersecurity","Game Development,Web Development,Cloud Computing,Cybersecurity",828,33,4,22
203,23,Female,Jaipur,"Artificial Intelligence,Blockchain","UI/UX Design,Mobile App Development",829,403,5,10
204,54,Female,Kolkata,"Data Science,Web Development",Artificial Intelligence,418,111,4,7
205,55,Female,Ahmedabad,Web Development,Artificial Intelligence,1309,218,0,20
206,39,Female,Bangalore,UI/UX Design,Artificial Intelligence,1948,161,2,37
207,58,Female,Kolkata,Cloud Computing,"Cybersecurity,Cloud Computing,Mobile App Development,Web Development",1168,468,2,5
208,31,Male,Hyderabad,"Game Development,UI/UX Design","Data Science,Mobile App Development,Cloud Computing,Blockchain",1284,170,6,48
209,45,Female,Chennai,Data Science,"Cybersecurity,Artificial Intelligence,Game Development",1838,383,3,47
210,67,Female,Kolkata,"Web Development,Machine Learning","Game Development,Mobile App Development",347,77,0,5
211,67,Male,Lucknow,Machine Learning,"UI/UX Design,Game Development,Cybersecurity,Data Science",642,457,3,7
212,65,Male,Bangalore,"Artificial Intelligence,Mobile App Development","UI/UX Design,Artificial Intelligence",601,239,4,32
213,31,Female,Chennai,"Mobile App Development,Cloud Computing","Game Development,Machine Learning,Web Development,Cloud Computing",1260,266,1,7
214,58,Female,Mumbai,"Game Development,Data Science","UI/UX Design,Web Development,Mobile App Development,Artificial Intelligence",540,276,6,2
215,32,Female,Hyderabad,Web Development,Blockchain,913,458,0,25
216,63,Female,Kolkata,"Blockchain,Machine Learning","Machine Learning,Data Science,Blockchain,Artificial Intelligence",235,317,5,5
217,41,Female,Bangalore,"Cybersecurity,Machine Learning","Web Development,Artificial Intelligence,Data Science",1822,213,5,39
218,34,Female,Pune,"Artificial Intelligence,UI/UX Design","UI/UX Design,Machine Learning,Mobile App Development,Data Science",1397,425,3,22
219,46,Male,Bangalore,"Mobile App Development,Cybersecurity","Cloud Computing,Web Development",1029,110,6,1
220,60,Male,Jaipur,UI/UX Design,"Cloud Computing,Cybersecurity,Machine Learning,Data Science",340,398,6,20
221,63,Male,Mumbai,UI/UX Design,Cloud Computing,114,409,6,29
222,21,Male,Bangalore,"Game Development,Blockchain","Cloud Computing,Data Science,UI/UX Design,Cybersecurity",1776,316,2,40
223,20,Female,Pune,"Data Science,Machine Learning","Data Science,Cybersecurity",610,205,6,49
224,32,Female,Chennai,"Machine Learning,Web Development",Mobile App Development,1229,217,6,40
225,64,Female,Jaipur,Mobile App Development,"Cybersecurity,Blockchain,Artificial Intelligence",1811,473,6,40
226,18,Female,Chennai,"Cybersecurity,Game Development","Web Development,Cybersecurity",354,17,5,37
227,47,Female,Hyderabad,Game Development,"Mobile App Development,Data Science,Cloud Computing,Machine Learning",444,128,5,18
228,29,Female,Chennai,"Artificial Intelligence,Cybersecurity",Web Development,856,327,0,48
229,53,Male,Lucknow,"Blockchain,Artificial Intelligence","Mobile App Development,Cloud Computing,UI/UX Design",1617,422,2,11
230,47,Male,Jaipur,"Cybersecurity,Mobile App Development","Cybersecurity,Blockchain,Web Development,Data Science",875,79,3,21
231,51,Female,Hyderabad,Web Development,"Machine Learning,Artificial Intelligence",1905,0,1,40
232,20,Female,Kolkata,"Mobile App Development,Data Science","Data Science,Web Development,Cloud Computing,Mobile App Development",900,180,1,20
233,38,Female,Bangalore,"Data Science,Cloud Computing","Data Science,Artificial Intelligence",1842,257,0,14
234,37,Male,Mumbai,Machine Learning,"Web Development,Mobile App Development",1735,23,6,2
235,66,Male,Ahmedabad,"Game Development,Artificial Intelligence","Artificial Intelligence,Mobile App Development,UI/UX Design",929,144,5,49
236,50,Female,Lucknow,Game Development,"Cybersecurity,Artificial Intelligence,Cloud Computing,UI/UX Design",7,403,3,27
237,46,Female,Jaipur,"Data Science,Game Development","Blockchain,Game Development,Mobile App Development",1267,438,0,12
238,36,Male,Delhi,"UI/UX Design,Machine Learning","Mobile App Development,Cloud Computing,Web Development,Blockchain",710,226,6,10
239,49,Male,Chennai,Data Science,Artificial Intelligence,473,387,4,25
240,46,Male,Pune,Data Science,"Web Development,Data Science,Blockchain,UI/UX Design",1405,365,4,18
241,48,Male,Delhi,Cybersecurity,"Cloud Computing,Artificial Intelligence,Mobile App Development",1592,455,5,36
242,28,Female,Pune,"Machine Learning,Game Development","Web Development,Data Science",303,231,0,38
243,26,Female,Lucknow,"Game Development,Mobile App Development",Web Development,1511,342,6,13
244,63,Male,Hyderabad,Mobile App Development,Game Development,1842,427,0,12
245,53,Male,Chennai,Web Development,"Data Science,Game Development,Mobile App Development,UI/UX Design",1852,297,6,25
246,50,Male,Hyderabad,"UI/UX Design,Data Science","Cybersecurity,Blockchain,Machine Learning",1177,398,5,28
247,26,Male,Ahmedabad,Machine Learning,"Blockchain,Cybersecurity,UI/UX Design",165,346,3,4
248,38,Female,Hyderabad,Artificial Intelligence,"Cybersecurity,Artificial Intelligence,Machine Learning",1821,10,6,30
249,31,Male,Jaipur,Mobile App Development,"Cloud Computing,UI/UX Design,Web Development",1754,378,1,36
250,68,Female,Hyderabad,Blockchain,"Artificial Intelligence,Cybersecurity",719,342,6,6
251,33,Female,Chennai,Machine Learning,"Blockchain,Mobile App Development,Cybersecurity",82,28,6,33
252,59,Male,Chennai,"Web Development,UI/UX Design","UI/UX Design,Data Science,Cloud Computing,Machine Learning",695,217,0,11
253,18,Male,Chennai,Cloud Computing,"Data Science,Mobile App Development",780,282,1,42
254,62,Male,Pune,"Cybersecurity,Machine Learning","Mobile App Development,Cloud Computing",565,98,3,11
255,37,Male,Hyderabad,"Blockchain,Cloud Computing","Cloud Computing,Web Development,UI/UX Design",298,242,4,28
256,42,Male,Mumbai,"Cybersecurity,Game Development","Data Science,Mobile App Development,Blockchain",285,351,3,44
257,67,Female,Chennai,Web Development,"Cloud Computing,Cybersecurity,Blockchain,Data Science",841,320,1,20
258,60,Male,Pune,"Web Development,Game Development",Cybersecurity,887,238,3,39
259,38,Male,Chennai,"Mobile App Development,Machine Learning","UI/UX Design,Machine Learning",1980,294,4,34
260,62,Female,Lucknow,Game Development,"Artificial Intelligence,Game Development",1139,43,3,7
261,33,Male,Hyderabad,Data Science,"Machine Learning,Blockchain,Artificial Intelligence,Mobile App Development",580,323,1,3
262,48,Male,Mumbai,"Data Science,Cybersecurity","UI/UX Design,Artificial Intelligence",1702,237,0,46
263,45,Male,Pune,Blockchain,"Web Development,UI/UX Design",1574,92,2,3
264,32,Female,Bangalore,Blockchain,Cloud Computing,1221,146,5,14
265,69,Male,Lucknow,"Web Development,Cybersecurity","Artificial Intelligence,Game Development",1952,88,0,17
266,37,Female,Bangalore,"UI/UX Design,Web Development","Blockchain,Game Development,Cloud Computing,Machine Learning",1871,361,2,16
267,44,Male,Lucknow,"Blockchain,UI/UX Design","Machine Learning,Blockchain",744,420,1,22
268,61,Male,Mumbai,Mobile App Development,Cloud Computing,1394,294,6,0
269,40,Male,Delhi,Cybersecurity,Artificial Intelligence,1646,460,6,26
270,25,Female,Bangalore,Game Development,"Machine Learning,Web Development,Artificial Intelligence",1277,462,0,22
271,53,Female,Chennai,"Web Development,Machine Learning",Game Development,1060,342,0,33
272,65,Female,Pune,Mobile App Development,"Web Development,UI/UX Design,Mobile App Development",1133,482,2,18
273,64,Female,Mumbai,Cloud Computing,"Cloud Computing,Artificial Intelligence,Cybersecurity",386,177,5,12
274,69,Male,Pune,"Game Development,Blockchain","Cloud Computing,Cybersecurity",173,359,5,25
275,52,Male,Mumbai,Cloud Computing,"Artificial Intelligence,UI/UX Design,Cybersecurity",392,364,4,13
276,54,Male,Mumbai,"Artificial Intelligence,Blockchain",Cloud Computing,981,260,5,2
277,54,Female,Bangalore,"Cloud Computing,Blockchain","Artificial Intelligence,Blockchain,Cloud Computing",1494,99,5,39
278,50,Male,Pune,"Blockchain,Mobile App Development",Mobile App Development,133,91,0,49
279,37,Female,Chennai,Artificial Intelligence,"Cloud Computing,Web Development,Artificial Intelligence",1960,226,6,6
280,21,Male,Delhi,"Cloud Computing,Data Science","Cybersecurity,Web Development",105,36,1,22
281,42,Female,Kolkata,"Game Development,Data Science","Artificial Intelligence,Web Development,Machine Learning,UI/UX Design",1637,175,0,42
282,37,Female,Jaipur,"Artificial Intelligence,UI/UX Design","Artificial Intelligence,Blockchain,Cybersecurity,Data Science",885,168,0,22
283,55,Male,Bangalore,"UI/UX Design,Game Development","Game Development,Blockchain,Data Science,Cybersecurity",201,192,3,40
284,48,Female,Bangalore,"Machine Learning,Game Development",UI/UX Design,1522,75,4,20
285,56,Male,Pune,Machine Learning,"Data Science,Mobile App Development,Game Development,Blockchain",1836,306,2,22
286,65,Female,Kolkata,Data Science,Blockchain,1937,275,6,11
287,57,Male,Delhi,Blockchain,"UI/UX Design,Artificial Intelligence,Machine Learning,Cybersecurity",512,68,0,29
288,23,Male,Bangalore,Artificial Intelligence,"Blockchain,Machine Learning,Mobile App Development,Web Development",1088,164,0,18
289,33,Female,Ahmedabad,Machine Learning,"Cybersecurity,Game Development,Machine Learning",1878,435,0,22
290,67,Female,Pune,Cloud Computing,"Blockchain,Cloud Computing,UI/UX Design,Artificial Intelligence",174,266,1,19
291,41,Male,Ahmedabad,Web Development,Mobile App Development,1647,475,5,20
292,50,Female,Chennai,Game Development,"Data Science,Web Development,Game Development",1561,51,5,6
293,60,Male,Kolkata,Game Development,Data Science,937,92,4,18
294,28,Male,Ahmedabad,Data Science,Mobile App Development,379,371,2,11
295,20,Female,Bangalore,"Mobile App Development,Data Science",Web Development,1716,340,5,5
296,42,Male,Hyderabad,Cloud Computing,"Web Development,Blockchain",1696,397,3,1
297,52,Male,Ahmedabad,Cybersecurity,Cybersecurity,848,210,0,18
298,48,Female,Chennai,Artificial Intelligence,"Cloud Computing,UI/UX Design",890,370,2,48
299,35,Male,Delhi,Data Science,"Web Development,Mobile App Development,Game Development,UI/UX Design",1465,214,2,4
300,22,Female,Kolkata,Machine Learning,"Mobile App Development,UI/UX Design,Blockchain,Machine Learning",576,281,0,4
301,18,Male,Jaipur,"Cloud Computing,Web Development",Artificial Intelligence,1345,147,3,19
302,32,Female,Hyderabad,UI/UX Design,"Game Development,Machine Learning",1807,100,5,19
303,35,Male,Delhi,"Mobile App Development,UI/UX Design",Game Development,1984,201,2,35
304,57,Female,Mumbai,"Game Development,UI/UX Design","Mobile App Development,Cybersecurity",735,370,3,12
305,53,Female,Jaipur,"UI/UX Design,Artificial Intelligence","Machine Learning,Cybersecurity,Game Development,Data Science",1978,107,2,23
306,35,Female,Jaipur,"Data Science,Cybersecurity","Artificial Intelligence,Web Development,Data Science,Game Development",771,228,3,6
307,46,Female,Chennai,"UI/UX Design,Cloud Computing",Machine Learning,852,268,2,41
308,40,Female,Chennai,"Data Science,UI/UX Design",Mobile App Development,1876,10,1,49
309,56,Female,Bangalore,"Game Development,Web Development","Cybersecurity,Machine Learning",1972,397,3,9
310,59,Female,Pune,"Machine Learning,Mobile App Development","Cybersecurity,Artificial Intelligence,UI/UX Design",54,123,5,3
311,28,Male,Jaipur,"Cybersecurity,Web Development","Game Development,Data Science,Artificial Intelligence,Machine Learning",1133,357,6,36
312,31,Male,Kolkata,Mobile App Development,"Web Development,Mobile App Development",251,110,1,39
313,24,Female,Ahmedabad,Artificial Intelligence,"Artificial Intelligence,Blockchain",1973,202,6,31
314,43,Female,Ahmedabad,"Artificial Intelligence,UI/UX Design","Machine Learning,Cybersecurity,UI/UX Design,Blockchain",1361,334,0,42
315,56,Male,Lucknow,Data Science,"Web Development,UI/UX Design,Data Science",1370,282,1,47
316,66,Male,Ahmedabad,"Cybersecurity,Cloud Computing","Artificial Intelligence,Data Science,Cloud Computing,Mobile App Development",1718,213,3,46
317,66,Female,Jaipur,Mobile App Development,"Mobile App Development,Blockchain",216,462,1,30
318,68,Female,Jaipur,Artificial Intelligence,"Artificial Intelligence,Data Science",817,238,2,23
319,62,Male,Lucknow,"Cybersecurity,Data Science","Mobile App Development,Cloud Computing",1674,483,4,39
320,59,Female,Chennai,"Blockchain,Mobile App Development",Blockchain,1595,192,5,43
321,18,Female,Lucknow,Blockchain,Game Development,354,372,3,1
322,40,Female,Pune,"Artificial Intelligence,Cloud Computing","Web Development,Game Development,Blockchain,Cybersecurity",772,379,2,21
323,34,Male,Bangalore,"Cybersecurity,Web Development","Web Development,Data Science,UI/UX Design",1659,97,5,0
324,37,Male,Hyderabad,Artificial Intelligence,"Blockchain,Web Development,Mobile App Development,UI/UX Design",825,50,1,1
325,27,Male,Chennai,Artificial Intelligence,"Cybersecurity,Blockchain",401,157,5,41
326,66,Female,Hyderabad,UI/UX Design,"Cloud Computing,Cybersecurity",230,61,1,4
327,46,Male,Kolkata,"Cloud Computing,Mobile App Development","Mobile App Development,Blockchain,Game Development",435,489,6,6
328,69,Female,Bangalore,Artificial Intelligence,Artificial Intelligence,653,127,0,29
329,65,Female,Pune,"Mobile App Development,Web Development","Cloud Computing,Data Science,Web Development,Cybersecurity",769,44,2,44
330,28,Female,Lucknow,Artificial Intelligence,"Cloud Computing,Game Development",816,117,5,2
331,22,Male,Pune,"Cybersecurity,Web Development",Web Development,1939,498,1,4
332,41,Female,Mumbai,Machine Learning,Data Science,1453,400,2,47
333,32,Male,Chennai,Web Development,"Blockchain,Cybersecurity",1384,380,6,47
334,39,Male,Ahmedabad,"Game Development,Cybersecurity",Blockchain,655,440,4,47
335,64,Male,Hyderabad,"Web Development,Artificial Intelligence","Game Development,Artificial Intelligence,Mobile App Development,Machine Learning",414,306,6,36
336,21,Female,Ahmedabad,"Blockchain,Artificial Intelligence","Data Science,Machine Learning",952,414,2,25
337,42,Female,Pune,Game Development,"Mobile App Development,Web Development,Cybersecurity,Cloud Computing",70,390,5,44
338,34,Male,Kolkata,"Machine Learning,Data Science","Game Development,Artificial Intelligence,Cloud Computing,Blockchain",1216,270,6,19
339,64,Female,Mumbai,Blockchain,"Cybersecurity,Machine Learning",1090,475,4,38
340,33,Male,Bangalore,Artificial Intelligence,"Cloud Computing,Data Science,UI/UX Design,Mobile App Development",901,190,0,11
341,25,Male,Lucknow,"Artificial Intelligence,Data Science","Artificial Intelligence,Web Development",1048,359,2,21
342,32,Female,Lucknow,"Mobile App Development,Data Science","UI/UX Design,Cloud Computing,Game Development",1932,356,3,30
343,31,Male,Hyderabad,"Game Development,Cloud Computing","Artificial Intelligence,Cloud Computing",1386,327,2,1
344,33,Male,Bangalore,Game Development,UI/UX Design,1150,87,0,19
345,43,Male,Kolkata,"Artificial Intelligence,Cybersecurity","Cybersecurity,Machine Learning",1867,485,0,40
346,38,Female,Delhi,Artificial Intelligence,Cybersecurity,816,454,0,42
347,39,Male,Ahmedabad,Web Development,"Data Science,Web Development",408,248,6,33
348,68,Male,Lucknow,"Mobile App Development,Blockchain",Mobile App Development,296,362,0,3
349,64,Female,Jaipur,Artificial Intelligence,"Blockchain,Game Development,Data Science,Web Development",640,154,2,17
350,47,Male,Ahmedabad,Cloud Computing,"Data Science,Web Development",895,414,6,18
351,62,Female,Hyderabad,Artificial Intelligence,UI/UX Design,1110,434,4,22
352,55,Female,Delhi,"Cloud Computing,Web Development","Machine Learning,Web Development",1493,257,4,2
353,40,Female,Ahmedabad,"Data Science,Game Development",Cloud Computing,1920,362,3,26
354,45,Male,Hyderabad,Blockchain,"Data Science,Machine Learning",430,376,4,9
355,30,Female,Ahmedabad,"Game Development,UI/UX Design","Data Science,Cybersecurity",1430,107,5,33
356,30,Male,Lucknow,Cloud Computing,Data Science,203,294,5,13
357,44,Male,Hyderabad,Cybersecurity,"UI/UX Design,Artificial Intelligence,Blockchain,Machine Learning",1397,326,6,49
358,30,Male,Jaipur,"Machine Learning,Mobile App Development","Mobile App Development,Machine Learning,Cybersecurity",819,194,6,45
359,25,Female,Ahmedabad,"Mobile App Development,Web Development","UI/UX Design,Web Development,Blockchain,Artificial Intelligence",828,373,0,7
360,41,Male,Chennai,"Cybersecurity,Game Development","Cloud Computing,Game Development",919,355,1,26
361,57,Female,Lucknow,Web Development,"Mobile App Development,Data Science,Cybersecurity",177,491,3,22
362,61,Female,Jaipur,"Cybersecurity,Game Development",Mobile App Development,131,378,1,32
363,30,Male,Lucknow,"Artificial Intelligence,Cloud Computing",Machine Learning,1279,201,0,3
364,68,Male,Kolkata,Cloud Computing,Data Science,1232,440,3,49
365,56,Female,Pune,Cybersecurity,Artificial Intelligence,691,153,0,5
366,45,Male,Mumbai,Machine Learning,Cloud Computing,1017,407,4,20
367,66,Female,Hyderabad,"Game Development,Blockchain","Machine Learning,Mobile App Development",1981,73,6,46
368,23,Female,Hyderabad,Cloud Computing,"Cybersecurity,Mobile App Development,Artificial Intelligence",1386,135,6,9
369,52,Male,Kolkata,"UI/UX Design,Cybersecurity","Web Development,UI/UX Design,Cybersecurity,Mobile App Development",1516,221,2,8
370,51,Male,Delhi,"Mobile App Development,Machine Learning","Cloud Computing,Mobile App Development,Machine Learning,Blockchain",1482,237,0,17
371,61,Female,Jaipur,Cloud Computing,Cybersecurity,172,468,4,8
372,44,Male,Kolkata,Artificial Intelligence,"Artificial Intelligence,Cybersecurity",1593,318,4,21
373,23,Male,Bangalore,UI/UX Design,"Data Science,Cybersecurity,Mobile App Development,Game Development",1804,65,6,30
374,27,Female,Hyderabad,"Blockchain,Mobile App Development","Artificial Intelligence,Web Development,Data Science",1695,453,2,44
375,43,Female,Hyderabad,Cybersecurity,"Game Development,Data Science,Cloud Computing,Machine Learning",1875,345,4,25
376,45,Female,Ahmedabad,Cybersecurity,"Cybersecurity,Game Development",1450,303,6,28
377,61,Female,Pune,Artificial Intelligence,Cybersecurity,1660,376,6,40
378,19,Female,Jaipur,Machine Learning,"Cybersecurity,Cloud Computing,Data Science",914,207,5,7
379,36,Female,Ahmedabad,Artificial Intelligence,"Cybersecurity,Blockchain,Cloud Computing",1532,194,2,1
380,48,Female,Jaipur,Cybersecurity,Web Development,1835,185,5,14
381,50,Female,Bangalore,Cloud Computing,"Mobile App Development,Machine Learning",1212,114,3,39
382,44,Male,Ahmedabad,"Machine Learning,Cloud Computing","Mobile App Development,UI/UX Design,Blockchain,Cybersecurity",1434,392,6,37
383,38,Female,Ahmedabad,Mobile App Development,"Machine Learning,Game Development,Mobile App Development",683,17,0,2
384,48,Female,Jaipur,"Web Development,Game Development","Cybersecurity,Web Development,Blockchain,Mobile App Development",614,41,3,43
385,57,Male,Ahmedabad,Machine Learning,"UI/UX Design,Artificial Intelligence,Game Development",1349,68,2,0
386,18,Female,Bangalore,"Cloud Computing,Web Development",Game Development,1645,357,2,20
387,40,Female,Hyderabad,Cybersecurity,Mobile App Development,161,271,0,17
388,52,Female,Ahmedabad,"Game Development,Cloud Computing","Mobile App Development,Cloud Computing,Game Development",656,243,5,7
389,21,Male,Mumbai,"Machine Learning,Artificial Intelligence","Blockchain,UI/UX Design,Cybersecurity",266,276,0,36
390,24,Male,Chennai,"Cybersecurity,Game Development","Mobile App Development,Cloud Computing,Web Development",1190,386,6,18
391,30,Male,Mumbai,"Data Science,Machine Learning","Machine Learning,UI/UX Design,Data Science",672,163,3,18
392,57,Male,Jaipur,Data Science,Machine Learning,1020,405,5,37
393,56,Male,Lucknow,"Blockchain,Cloud Computing","Mobile App Development,UI/UX Design",78,175,6,47
394,37,Male,Chennai,Cybersecurity,"Mobile App Development,Web Development,Cloud Computing,Cybersecurity",1620,176,1,27
460,58,Male,Bangalore,Cloud Computing,"UI/UX Design,Data Science,Web Development,Cloud Computing",1702,28,4,18
395,65,Male,Bangalore,"Cloud Computing,Blockchain","Mobile App Development,Cloud Computing,Web Development,Artificial Intelligence",1135,338,0,11
396,66,Female,Ahmedabad,Cloud Computing,"Cybersecurity,Artificial Intelligence,Machine Learning",1744,356,0,28
397,24,Male,Jaipur,Cloud Computing,"Mobile App Development,Data Science",1187,97,1,18
398,31,Female,Hyderabad,"Web Development,Game Development","Artificial Intelligence,Web Development",1164,300,5,30
399,54,Male,Chennai,Cybersecurity,"Blockchain,Cybersecurity,Machine Learning,Mobile App Development",1252,356,2,34
400,41,Male,Mumbai,"Data Science,Web Development",Data Science,1667,62,1,39
401,40,Female,Ahmedabad,Artificial Intelligence,"Data Science,Blockchain,Artificial Intelligence",1427,178,4,10
402,20,Female,Ahmedabad,Mobile App Development,"Cybersecurity,Blockchain,Data Science",227,284,3,0
403,46,Male,Lucknow,Cloud Computing,"Cybersecurity,Data Science,Game Development,Mobile App Development",1951,71,4,23
404,60,Male,Jaipur,"Cybersecurity,Artificial Intelligence",Cloud Computing,1775,470,5,47
405,49,Male,Ahmedabad,"Artificial Intelligence,Web Development",Artificial Intelligence,941,395,4,45
406,27,Male,Delhi,"Mobile App Development,Data Science","Game Development,Artificial Intelligence,UI/UX Design",1498,40,1,19
407,59,Male,Chennai,"Data Science,Mobile App Development","Blockchain,UI/UX Design,Artificial Intelligence,Cybersecurity",1353,370,5,6
408,42,Male,Jaipur,Artificial Intelligence,"Blockchain,UI/UX Design,Cloud Computing,Artificial Intelligence",1114,345,2,48
409,63,Male,Hyderabad,Machine Learning,"Artificial Intelligence,UI/UX Design,Web Development,Mobile App Development",839,436,1,35
410,47,Male,Lucknow,"Cybersecurity,Blockchain","Blockchain,Game Development",12,296,3,16
411,30,Male,Chennai,"Mobile App Development,Cybersecurity",Data Science,1629,39,1,24
412,36,Male,Bangalore,Blockchain,"Mobile App Development,Game Development,Blockchain",352,368,3,16
413,60,Female,Lucknow,"UI/UX Design,Artificial Intelligence","Machine Learning,Mobile App Development",1822,127,4,13
414,29,Male,Mumbai,"Web Development,Game Development","Data Science,UI/UX Design,Web Development,Cybersecurity",414,87,6,14
415,59,Male,Delhi,Data Science,"Mobile App Development,Web Development,Data Science,Artificial Intelligence",102,73,0,28
416,54,Male,Bangalore,Game Development,"UI/UX Design,Artificial Intelligence",1902,55,4,22
417,66,Female,Jaipur,"Game Development,Blockchain","Cybersecurity,Data Science",874,151,3,46
418,34,Female,Hyderabad,"Web Development,Machine Learning","Artificial Intelligence,Cybersecurity",566,65,5,21
419,48,Male,Pune,"Game Development,Blockchain",Cloud Computing,551,423,3,17
420,69,Female,Lucknow,"UI/UX Design,Web Development","Blockchain,Data Science,UI/UX Design,Web Development",1156,286,0,17
421,60,Male,Ahmedabad,"Game Development,UI/UX Design","Artificial Intelligence,Machine Learning,Cybersecurity",1567,442,2,30
422,38,Female,Jaipur,"Blockchain,Machine Learning","Blockchain,Cloud Computing,Web Development,Mobile App Development",1747,83,6,42
423,53,Female,Pune,Data Science,"Mobile App Development,UI/UX Design",186,13,0,28
424,59,Male,Lucknow,"Web Development,Mobile App Development","UI/UX Design,Data Science,Mobile App Development",48,336,3,5
425,35,Female,Lucknow,"Web Development,Cloud Computing",Cybersecurity,494,12,0,18
426,20,Female,Lucknow,Web Development,"Data Science,Web Development",1816,62,3,25
427,39,Female,Jaipur,"Game Development,Artificial Intelligence","Cloud Computing,Mobile App Development,Data Science",1280,7,0,36
428,47,Female,Bangalore,Artificial Intelligence,"Game Development,Data Science",1562,421,4,20
429,54,Female,Delhi,Cybersecurity,Data Science,1930,281,1,35
430,63,Female,Pune,"Game Development,Machine Learning","Artificial Intelligence,Blockchain",102,339,6,16
431,64,Female,Chennai,"Data Science,Cybersecurity","Data Science,Artificial Intelligence,Web Development,Machine Learning",1890,202,1,8
432,34,Female,Lucknow,Mobile App Development,"Blockchain,UI/UX Design,Cloud Computing,Game Development",200,203,0,10
433,45,Male,Hyderabad,Machine Learning,"Game Development,Web Development,Machine Learning",1685,328,1,35
434,26,Female,Delhi,"Web Development,UI/UX Design","Cybersecurity,UI/UX Design",1353,177,5,16
435,46,Male,Hyderabad,Cloud Computing,Cloud Computing,285,314,5,34
436,20,Male,Pune,"Mobile App Development,Web Development","Artificial Intelligence,Machine Learning,Web Development",1072,198,3,9
437,53,Female,Kolkata,Data Science,"UI/UX Design,Game Development",472,322,3,48
438,31,Female,Chennai,"Web Development,Cybersecurity",Data Science,893,346,2,21
439,59,Female,Lucknow,Cybersecurity,"Machine Learning,Web Development,Game Development",919,296,4,10
440,54,Male,Pune,"UI/UX Design,Mobile App Development","Blockchain,Cloud Computing",613,93,2,7
441,54,Male,Jaipur,Cybersecurity,"Mobile App Development,Machine Learning,Cybersecurity,Game Development",1292,420,5,48
442,58,Female,Chennai,Web Development,"Blockchain,Artificial Intelligence,UI/UX Design",1889,467,1,43
443,36,Male,Mumbai,"Machine Learning,Web Development","Mobile App Development,Blockchain,UI/UX Design",314,47,0,20
444,51,Male,Hyderabad,"Blockchain,Cloud Computing","UI/UX Design,Blockchain,Mobile App Development",305,121,1,48
445,56,Male,Lucknow,"Web Development,Machine Learning","Machine Learning,Game Development,Cybersecurity",1914,145,6,14
446,69,Male,Hyderabad,"Cybersecurity,Web Development","Machine Learning,Web Development",916,485,0,5
447,64,Male,Jaipur,Web Development,"UI/UX Design,Game Development,Web Development",1900,489,0,37
448,58,Male,Bangalore,"Cybersecurity,UI/UX Design","UI/UX Design,Blockchain",1539,321,6,38
449,43,Male,Jaipur,Cybersecurity,"Web Development,Cloud Computing",1133,203,3,12
450,57,Male,Ahmedabad,Machine Learning,"Blockchain,Artificial Intelligence,Cloud Computing",1158,171,4,39
451,66,Female,Chennai,"Data Science,Mobile App Development","Cloud Computing,Data Science,Web Development",1068,497,0,27
452,55,Male,Pune,UI/UX Design,"Machine Learning,Mobile App Development",1061,477,1,49
453,20,Male,Chennai,Mobile App Development,"Blockchain,Artificial Intelligence,Game Development",1512,82,1,33
454,52,Male,Ahmedabad,"Blockchain,Data Science","Game Development,Machine Learning",170,444,4,31
455,46,Female,Kolkata,Artificial Intelligence,"Web Development,Blockchain,Cybersecurity",229,200,3,48
456,32,Female,Kolkata,Machine Learning,UI/UX Design,1441,306,5,19
457,29,Female,Chennai,"Web Development,Blockchain","Mobile App Development,Cloud Computing",1864,408,6,32
458,60,Male,Ahmedabad,"Mobile App Development,Cloud Computing",UI/UX Design,1809,398,4,40
459,44,Female,Ahmedabad,Cybersecurity,Game Development,856,22,3,4
461,39,Female,Jaipur,Game Development,Cloud Computing,874,429,6,47
462,34,Female,Delhi,Data Science,"UI/UX Design,Game Development,Cloud Computing,Artificial Intelligence",541,36,2,19
463,46,Male,Ahmedabad,Data Science,"Blockchain,Artificial Intelligence,UI/UX Design,Machine Learning",84,366,0,29
464,55,Female,Delhi,Cybersecurity,Artificial Intelligence,1526,334,0,39
465,59,Male,Kolkata,UI/UX Design,"Data Science,Machine Learning,Blockchain,Web Development",1146,284,2,26
466,63,Female,Delhi,Blockchain,"UI/UX Design,Cybersecurity",100,46,0,38
467,58,Female,Jaipur,Data Science,Data Science,580,143,5,7
468,60,Male,Delhi,"Game Development,Data Science","Cybersecurity,Data Science,Game Development",194,70,0,5
469,29,Male,Bangalore,"Mobile App Development,Blockchain","Web Development,Mobile App Development,Cybersecurity",1262,293,3,12
470,40,Female,Bangalore,Web Development,"Artificial Intelligence,Data Science,Mobile App Development,UI/UX Design",378,286,0,27
471,24,Male,Mumbai,Game Development,"Machine Learning,Cloud Computing",1550,459,3,18
472,50,Female,Hyderabad,"Mobile App Development,Data Science","Web Development,Game Development",1960,11,5,34
473,32,Female,Hyderabad,UI/UX Design,Cloud Computing,1047,276,0,28
474,54,Female,Chennai,"Mobile App Development,Artificial Intelligence",Cybersecurity,1135,99,6,18
475,41,Female,Ahmedabad,"Web Development,Mobile App Development","Web Development,Artificial Intelligence",1338,90,6,30
476,29,Male,Ahmedabad,Game Development,"Machine Learning,Game Development,UI/UX Design",970,85,3,43
477,53,Male,Hyderabad,"Mobile App Development,Cybersecurity","Blockchain,Data Science,Machine Learning,Mobile App Development",1430,200,4,30
478,50,Female,Ahmedabad,"Web Development,UI/UX Design",Artificial Intelligence,1362,428,0,36
479,64,Female,Pune,Cybersecurity,"Blockchain,Game Development,Data Science,Artificial Intelligence",947,3,4,19
480,45,Female,Kolkata,Game Development,Blockchain,704,362,0,35
481,67,Female,Ahmedabad,"Game Development,Artificial Intelligence",Game Development,1844,123,5,6
482,56,Male,Bangalore,Cybersecurity,"Blockchain,Data Science,Cybersecurity,UI/UX Design",1808,158,3,35
483,18,Male,Ahmedabad,Cybersecurity,"Data Science,Cloud Computing,Web Development,Machine Learning",554,446,6,22
484,40,Male,Kolkata,Game Development,"Data Science,Cloud Computing,Machine Learning,Mobile App Development",1081,332,6,30
485,51,Female,Kolkata,Machine Learning,"Data Science,Mobile App Development",946,171,0,10
486,24,Male,Jaipur,Blockchain,Blockchain,1768,118,3,30
487,54,Male,Ahmedabad,Mobile App Development,Blockchain,1789,70,5,37
488,36,Male,Delhi,"Data Science,Machine Learning",Game Development,150,86,6,36
489,45,Female,Chennai,Data Science,"Game Development,Blockchain,Cybersecurity",1583,16,1,19
490,46,Male,Bangalore,Blockchain,"Game Development,Mobile App Development",36,124,5,40
491,55,Female,Delhi,Machine Learning,"Mobile App Development,UI/UX Design,Cloud Computing",0,232,1,28
492,56,Female,Chennai,"Data Science,Cybersecurity","Mobile App Development,Artificial Intelligence,Game Development",781,130,2,45
493,68,Male,Ahmedabad,Game Development,UI/UX Design,1719,54,6,11
494,48,Female,Pune,"UI/UX Design,Web Development","UI/UX Design,Mobile App Development",1811,23,4,48
495,68,Female,Chennai,Artificial Intelligence,Mobile App Development,1721,129,5,31
496,64,Female,Delhi,Blockchain,"Game Development,Cloud Computing,UI/UX Design,Cybersecurity",645,406,2,29
497,25,Female,Hyderabad,Cybersecurity,"Artificial Intelligence,Blockchain,Cybersecurity",1006,10,0,47
498,39,Female,Mumbai,"Artificial Intelligence,Data Science",Cloud Computing,1772,160,5,11
499,34,Male,Delhi,"Machine Learning,Data Science","Cloud Computing,Web Development,Game Development,Machine Learning",1402,225,6,30
500,57,Female,Chennai,"Mobile App Development,Game Development","Web Development,Game Development,Blockchain",623,398,5,25
