user_id,age,gender,cities,skilled,intrest,points,time_total,logins_week,highest_streak
1,55,Male,Ahmedabad,Cybersecurity,Mobile App Development,815,42,5,45
2,61,Female,Lucknow,Game Development,"Web Development,Data Science,Cloud Computing",1273,450,4,32
3,30,Female,Ahmedabad,"Blockchain,Mobile App Development","Mobile App Development,Cloud Computing,Web Development,Cybersecurity",1476,276,6,27
4,26,Male,Hyderabad,"Machine Learning,Cloud Computing","Machine Learning,Data Science",1963,363,4,0
5,27,Female,Mumbai,Machine Learning,Artificial Intelligence,1755,400,1,26
6,29,Female,Jaipur,Cybersecurity,"Blockchain,UI/UX Design,Data Science,Game Development",633,314,6,20
7,23,Female,Ahmedabad,Game Development,"Web Development,UI/UX Design,Machine Learning",141,77,1,26
8,33,Female,Ahmedabad,UI/UX Design,"Web Development,Cybersecurity",1030,42,3,1
9,18,Male,Delhi,"Data Science,Web Development","Web Development,Mobile App Development,Artificial Intelligence",2,291,6,37
10,34,Male,Delhi,Data Science,Artificial Intelligence,323,331,4,13
11,19,Female,Hyderabad,Blockchain,"Mobile App Development,Blockchain",349,156,3,40
12,30,Female,Mumbai,Cloud Computing,"Artificial Intelligence,Mobile App Development,Machine Learning",234,234,3,18
13,25,Male,Jaipur,"Data Science,Mobile App Development","Machine Learning,Cloud Computing,Data Science,Game Development",1412,85,4,18
14,63,Male,Pune,"Blockchain,Cloud Computing","UI/UX Design,Game Development,Blockchain",1180,34,5,38
15,24,Male,Chennai,"Mobile App Development,Data Science","Mobile App Development,UI/UX Design,Game Development",35,428,4,49
16,43,Male,Kolkata,"Data Science,Web Development","Mobile App Development,Machine Learning,Cloud Computing,UI/UX Design",997,234,0,38
17,68,Female,Pune,Cybersecurity,"Machine Learning,Data Science",358,220,2,23
18,38,Female,Bangalore,Mobile App Development,Game Development,1229,210,3,4
19,55,Female,Kolkata,"Data Science,Machine Learning","Data Science,Mobile App Development,Game Development",174,392,4,5
20,36,Male,Ahmedabad,"Data Science,Web Development","Game Development,Artificial Intelligence,Web Development",78,286,3,23
21,38,Female,Jaipur,Machine Learning,"Blockchain,Mobile App Development,Cybersecurity",617,64,4,2
22,29,Male,Chennai,"Web Development,Machine Learning",Data Science,1414,205,4,19
23,60,Male,Chennai,"Data Science,UI/UX Design",Blockchain,1243,274,4,36
24,46,Female,Ahmedabad,Web Development,Mobile App Development,848,166,2,17
25,47,Female,Ahmedabad,"Artificial Intelligence,UI/UX Design","Data Science,Blockchain,Web Development,Cybersecurity",148,244,6,21
26,32,Male,Chennai,Artificial Intelligence,"Mobile App Development,Cloud Computing,Machine Learning,Data Science",1175,395,3,13
27,68,Female,Lucknow,Machine Learning,Data Science,831,440,0,42
28,22,Female,Mumbai,Web Development,"Machine Learning,Mobile App Development,Cloud Computing,Artificial Intelligence",483,180,4,26
29,41,Male,Bangalore,Artificial Intelligence,"Artificial Intelligence,Cloud Computing",711,211,2,49
30,41,Female,Mumbai,"Artificial Intelligence,Blockchain",Cloud Computing,262,332,6,32
31,59,Male,Ahmedabad,Game Development,"Game Development,Blockchain,UI/UX Design",789,452,2,8
32,67,Male,Delhi,Artificial Intelligence,"Data Science,Cybersecurity,Cloud Computing,Machine Learning",1984,493,4,8
33,48,Female,Ahmedabad,"UI/UX Design,Web Development",Mobile App Development,1074,25,1,20
34,50,Female,Lucknow,"Artificial Intelligence,Web Development","Data Science,Cloud Computing",90,232,6,46
35,40,Female,Jaipur,Machine Learning,"Cloud Computing,Cybersecurity",9,355,3,4
36,31,Male,Chennai,"Game Development,Blockchain","Mobile App Development,Artificial Intelligence,Data Science,UI/UX Design",1641,69,0,18
37,59,Female,Mumbai,"Web Development,Cloud Computing",UI/UX Design,860,31,6,21
38,27,Female,Delhi,"Machine Learning,Cloud Computing","Cloud Computing,Machine Learning",1987,59,2,39
39,25,Male,Lucknow,Game Development,Mobile App Development,1010,318,1,29
40,40,Female,Jaipur,"Artificial Intelligence,UI/UX Design","Blockchain,Cloud Computing,UI/UX Design,Artificial Intelligence",597,29,2,10
41,19,Female,Bangalore,"Blockchain,Cybersecurity","UI/UX Design,Cloud Computing,Artificial Intelligence",1519,322,1,25
42,18,Female,Hyderabad,Cybersecurity,"Game Development,Artificial Intelligence,Cybersecurity",1057,123,0,23
43,35,Female,Delhi,"Artificial Intelligence,Game Development","Machine Learning,Cybersecurity,Mobile App Development,UI/UX Design",455,32,2,30
44,26,Male,Bangalore,"Cybersecurity,Cloud Computing","Artificial Intelligence,Blockchain",121,327,1,26
45,42,Male,Ahmedabad,"UI/UX Design,Web Development",Cybersecurity,1416,249,2,13
46,31,Male,Bangalore,"Machine Learning,Mobile App Development","Artificial Intelligence,Mobile App Development,Game Development,Cybersecurity",1511,444,4,11
47,69,Male,Pune,"Mobile App Development,Data Science",Artificial Intelligence,1843,349,6,42
48,65,Male,Mumbai,"Blockchain,Web Development",Artificial Intelligence,33,200,0,10
49,60,Female,Lucknow,Data Science,"Blockchain,Machine Learning,Data Science,Artificial Intelligence",1662,411,6,24
50,26,Female,Bangalore,"Mobile App Development,UI/UX Design","Game Development,Blockchain,Data Science,Artificial Intelligence",867,353,5,24
